GMA,zone,n,pct_excl,median_sp,p10,p90,p90p10,p_iqr,cod,median_ratio,log_median_sp
A111,A,368,0.10326086956521739,125000,65726.70000000001,165000,2.510395318797383,0.4512,29.181877814269345,1.0299384056222962,11.736069016284437
A121,A,54,0.07407407407407407,347250,173570,547600,3.1549230857867143,0.6648668106551476,24.868314698961754,1.0720481927710843,12.757800260616591
A122,A,43,0.18604651162790697,159000,72600,182800,2.517906336088154,0.29245283018867924,30.071988115739536,1.0110824283425317,11.976659481202368
A123,A,78,0.24358974358974358,136500,49400,175075,3.544028340080972,0.6868131868131868,41.982080347219096,0.9351734756178494,11.824079893607152
A124,A,78,0.20512820512820512,98900,45000,154270,3.4282222222222223,0.6945146612740142,38.143474742383965,1.0754545454545454,11.501864517610803
A131,A,179,0.2905027932960894,96000,38920,185800.0000000001,4.773895169578625,1.0191197916666668,41.65481263735164,1.16,11.472103470449973
A132,A,160,0.39375,79400,18699.999999999996,145190,7.764171122994654,0.9977959697732998,39.63479418217895,1.132749288544166,11.282253647235228
A141,A,205,0.28292682926829266,92000,35000,182476.8,5.213622857142857,1.059782608695652,56.86937275641313,0.9959183673469388,11.429543856031177
A142,A,180,0.46111111111111114,50000,16500,140000,8.484848484848484,1.3025,48.897046823144926,1.1386666666666667,10.819778284410283
A151,A,91,0.5714285714285714,31600,10000,116500,11.65,1.4541139240506329,41.63198650245597,1.489568214332163,10.360912399575003
A152,A,199,0.6130653266331658,27500,10000,65000,6.5,0.9727272727272728,33.73279171193504,1.624848484848485,10.221941283654663
A1C1,A,34,0.5294117647058824,87450,40600,225250,5.548029556650246,1.3664951400800458,53.11732713391024,1.0713636363636363,11.378822480446749
A1C2,A,22,0.2727272727272727,106750,34510,220000.0000000001,6.374963778614897,0.9911007025761124,45.81693742853583,0.9152767052767052,11.578244931090872
A211,A,64,0.078125,200147,125030,319030.00000000006,2.551627609373751,0.4072007074800022,33.22946478959012,1.0147619047619048,12.206807375549955
A212,A,75,0.2,254000,109300,446000.0000000001,4.080512351326625,0.6889763779527559,39.231124772143104,0.9363981229682421,12.445089546000673
A216,A,196,0.3010204081632653,80750,30000,165500,5.516666666666667,1.1393188854489165,49.94469981571677,0.9131428571428571,11.299113241084903
A217,A,125,0.272,112500,50000,172960.00000000006,3.4592000000000014,0.7422222222222222,44.42512584513951,0.8407458675808912,11.630708500626612
A219,A,119,0.16806722689075632,120000,51659.8,170850,3.3072137329219236,0.741,39.98650937274972,0.8799039231385108,11.695247021764184
A221,A,124,0.04032258064516129,133500,67300,199400.00000000003,2.9628528974739976,0.7612359550561798,22.52550653935699,1.0816216216216217,11.801856756822442
A222,A,45,0.1111111111111111,135000,77000,193000,2.5064935064935066,0.48148148148148145,32.2652264689818,1.1231716705157813,11.813030057420567
A311,A,39,0.6153846153846154,26000,5000,142000.00000000003,28.400000000000006,2.4903846153846154,41.85804721021569,1.3312820512820511,10.165851817003619
A321,A,68,0.5,41800.825,7940,186000.0000000001,23.425692695214117,1.9257993113772278,51.92114765275742,0.86,10.640671355160183
A322,A,78,0.47435897435897434,28125,6989.999999999999,76499.99999999999,10.94420600858369,1.3422222222222222,49.765398718514284,1.1471428571428572,10.244414139506722
A331,A,112,0.5,30000,6650.375000000001,87300.00000000001,13.127079300039473,1.5333416666666666,57.52589221160808,0.9569724870409976,10.308952660644293
A332,A,59,0.5932203389830508,20000,6314.712000000001,113000.0000000001,17.894719505814372,2.19855,46.54471232399459,1.39,9.903487552536127
A333,A,105,0.4095238095238095,30000,9442.4,90600.00000000001,9.5950182157078725,1.2166666666666666,48.40392914961112,0.9703703703703704,10.308952660644293
A3C1,A,40,0.55,65000,19200.000000000004,150000,7.812499999999998,0.9423076923076923,53.116187237835135,1.1732512315270935,11.082142548877775
A411,A,173,0.4393063583815029,47000,15200,124120.00000000006,8.165789473684214,1.3021276595744682,42.87689595337121,1.220181383296791,10.757902880692196
A412,A,249,0.46586345381526106,32500,9620,84900,8.825363825363825,1.1076923076923078,40.85642868202295,1.3618181818181818,10.388995368317829
A413,A,119,0.48739495798319327,25000,7900,70000,8.860759493670885,1.49,40.250387493103055,1.3342857142857143,10.126631103850338
A414,A,68,0.5588235294117647,24250,2700,65800.00000000003,24.37037037037038,1.4845360824742269,38.698522518632785,1.4111111111111112,10.096171896365629
A415,A,152,0.5263157894736842,30000,9000,84900,9.433333333333334,1.0958333333333334,44.48111692427044,1.2592592592592593,10.308952660644293
A416,A,234,0.49572649572649574,23000,5150,62850.000000000015,12.203883495145634,1.2771739130434783,40.013328903465904,1.1833333333333331,10.043249494911286
A421,A,254,0.468503937007874,30459.5,8500,104700.00000000001,12.317647058823532,1.373955580360807,44.089540613630035,1.2362522522522523,10.324153211343972
A422,A,49,0.4897959183673469,30000,8000,60544.000000000015,7.568000000000001,0.8083333333333333,46.457924314990635,1.2140669014084506,10.308952660644293
A423,A,252,0.5238095238095238,25000,6795.700000000001,66350.00000000001,9.763526936150802,1,43.51094023280749,1.2285714285714286,10.126631103850338
A424,A,25,0.6,20000,6200.000000000001,93968.00000000003,15.156129032258066,2.4,43.186430289171334,1.391304347826087,9.903487552536127
A431,A,36,0.5,21000,6562.280000000001,77500,11.809919723023095,0.9880952380952381,69.88076997595637,0.6986607142857143,9.95227771670556
A432,A,145,0.41379310344827586,175000,42000,360999.99999999994,8.595238095238093,1.0857142857142856,50.59797443727397,0.6035544430538173,12.072541252905651
A433,A,107,0.4672897196261682,55000,9800,255800,26.102040816326532,2.1818181818181817,57.2481790834896,0.788,10.915088464214607
A511,A,181,0.08287292817679558,430000,242000,620000,2.56198347107438,0.46511627906976744,26.22683224885716,0.8170175438596491,12.971540487669746
A512,A,86,0.20930232558139536,294750,146750,460000,3.13458262350937,0.6573367260390162,41.20754964921756,0.7924528301886793,12.593882818399617
A513,A,92,0.11956521739130435,271500,125000,374150.00000000006,2.9932000000000003,0.5722836095764272,35.47645107104479,0.8276470588235294,12.511717418356127
A514,A,183,0.2896174863387978,140329,38200,300780,7.873821989528796,0.9445659842227907,44.68103022605461,0.946524064171123,11.851744944659789
A515,A,327,0.37003058103975534,58005,19600,137100.00000000006,6.994897959183676,0.9268166537367468,43.29416696785764,1.1555399061032863,10.968284492709508
A516,A,241,0.3817427385892116,50500,20000,135000,6.75,1.3564356435643565,48.18845094532465,1.1388888888888888,10.829728615263452
A517,A,217,0.3548387096774194,130000,50000,297000,5.94,0.965394076923077,60.477647414928605,0.6828260869565217,11.77528972943772
A518,A,156,0.40384615384615385,40000,20600,136250,6.614077669902913,1.23125,48.696749094828014,1.2615736248372231,10.596634733096073
A519,A,143,0.42657342657342656,38697.6,15020,102200.00000000001,6.8042609853528635,1.0465765318779459,41.802801146206185,1.2925506072874495,10.563532861590957
A521,A,234,0.3504273504273504,47750,15650,119000,7.603833865814696,1.0821989528795812,48.0368034290961,0.9556634811217296,10.773734345908876
A522,A,484,0.36983471074380164,47500,17000,119629.99999999999,7.037058823529411,1.0526315789473684,42.42174469006345,1.1986666666666665,10.768484990022733
A5C1,A,48,0.5416666666666666,75000,22350,245500.00000000017,10.984340044742737,1.4,78.81699021717449,0.6518098360655737,11.225243392518447
A5C2,A,29,0.5517241379310345,91800,26000,379999.9999999997,14.615384615384604,1.8736383442265796,72.05189807938385,0.787968253968254,11.427367576608582
A612,A,138,0.21739130434782608,400850,184000.00000000003,774687.5,4.210258152173912,0.5728452039416241,34.05255834403276,0.7344139650872819,12.901342571471098
A613,A,54,0.12962962962962962,488750,300300,1387750.000000002,4.621212121212128,0.4925831202046036,24.015417625993127,0.689292735042735,13.099606390281712
A621,A,180,0.25,292000,89900,700999.9999999999,7.797552836484982,0.9247003424657534,46.26359492283195,0.7898360655737705,12.584509081250419
A622,A,210,0.3142857142857143,130000,18950,425400,22.448548812664907,1.4173076923076924,58.25676819951178,0.7514285714285714,11.77528972943772
B112,B,109,0.42201834862385323,40000,12200.000000000002,140700.00000000006,11.532786885245905,1.21149625,54.14880656224283,0.917639344262295,10.596634733096073
B113,B,148,0.38513513513513514,50000,12850.000000000002,167500.0000000003,13.03501945525294,1.4775,56.9269064446325,0.7654320987654321,10.819778284410283
B114,B,201,0.5124378109452736,24000,5000,75000,15,1.5416666666666667,46.59888389551912,1.2466666666666666,10.085809109330082
B115,B,218,0.41743119266055045,30000,8967.6,72893.00000000003,8.12848476738481,1.153725,39.73743237418322,1.2049583333333334,10.308952660644293
B116,B,169,0.31952662721893493,35000,12000,90000,7.5,1.2285714285714286,42.5396450472067,1.1007246376811597,10.46310334047155
B117,B,53,0.5471698113207547,26000,5200,88200.00000000001,16.961538461538463,1.0384615384615385,49.17739210788409,1.197142857142857,10.165851817003619
B118,B,50,0.52,112450,24844.199999999997,357876,14.404810780785859,1.318363717207648,63.662604071524825,0.5309422750424448,11.630263957387461
B119,B,94,0.48936170212765956,70750,18150,217850,12.002754820936639,1.469964664310954,57.11896569183244,0.68,11.166907815505484
B121,B,63,0.4444444444444444,40000,11100,98200.00000000001,8.846846846846848,1.28125,52.70856892564007,1.007070707070707,10.596634733096073
B122,B,91,0.38461538461538464,35000,9000,84000,9.333333333333334,0.9442857142857143,40.857048396035424,1.2141879393266741,10.46310334047155
B123,B,217,0.5207373271889401,25000,6503,75800,11.656158695986468,1.18,37.10221334636784,1.5055555555555555,10.126631103850338
B131,B,59,0.3728813559322034,33500,13000,76600,5.892307692307693,1.0298507462686568,29.531985881428028,1.4693749999999999,10.419300717813158
B132,B,42,0.16666666666666666,18750,12000,37000,3.0833333333333335,0.54,30.570570128842657,1.1771794871794872,9.838949031398556
B141,B,130,0.1,325000,148570.1,550000,3.7019561809543102,0.5788461538461539,36.14409460492128,0.7595348837209303,12.691580461311874
B1i1,B,29,0.5862068965517241,1690000,285000,8934999.999999996,31.350877192982445,2.2189349112426036,95.20184356274429,0.563323730280782,14.340239086899256
B211,B,355,0.504225352112676,30000,9467.199999999999,79540.00000000003,8.4016393442623,1.3833333333333333,37.717144723680256,1.3622377622377622,10.308952660644293
B212,B,59,0.23728813559322035,65000,30000,106640,3.554666666666667,0.7238461538461538,41.95772834233241,1.1043478260869566,11.082142548877775
B213,B,50,0.54,40000,8900,80200,9.01123595505618,1.28125,44.0233167262362,1.088,10.596634733096073
B231,B,234,0.3333333333333333,36000,14000,80863.5,5.775964285714286,0.9972222222222222,37.81920051987977,1.305,10.491274217438248
B232,B,357,0.33613445378151263,39900,20000,88760.00000000006,4.438000000000003,0.9147869674185464,35.42437867992786,1.3808571428571428,10.594131602877955
B233,B,97,0.1134020618556701,95000,53400.00000000001,148060,2.772659176029962,0.5778947368421052,33.37945241746224,0.9485227272727272,11.461632170582678
B234,B,156,0.14743589743589744,123000,44255.4,175000,3.9543196988390115,0.6727642276422764,31.83792759935667,0.9611428571428572,11.719939634354555
B235,B,165,0.4303030303030303,42000,21200,116199.99999999999,5.481132075471697,1.0714285714285714,47.71510265644991,1.207142857142857,10.645424897265505
B331,B,117,0.15384615384615385,105000,39000.00000000001,151000,3.871794871794871,0.6047619047619047,36.91885780756586,0.8245454545454546,11.56171562913966
B332,B,88,0.10227272727272728,124500,67100,163000,2.429210134128167,0.5020080321285141,33.11251955541965,0.8866197183098592,11.732060994886899
B333,B,20,0.3,66450,15000,129200.00000000006,8.613333333333337,1.008273137697517,49.37386775326289,1.0542894796052844,11.104205064141391
B334,B,41,0.04878048780487805,135000,89000,164900,1.8528089887640449,0.31851851851851853,22.795549942952004,0.7614814814814815,11.813030057420567
B335,B,33,0.06060606060606061,150000,95201.4,204700,2.1501784637620878,0.2733333333333333,36.70970450278864,0.8360655737704918,11.918390573078392
C311,C,162,0.06172839506172839,129950,80550,160950,1.9981378026070764,0.4034243939976914,25.295577528585888,0.950691323155455,11.774905040069637
C312,C,76,0.06578947368421052,126500,62125,221500,3.5653923541247483,0.8345849802371541,32.27972588602734,1.015015015015015,11.747997587149712
C313,C,38,0.3684210526315789,106750,29344.8,224430.00000000006,7.6480330416291835,1.0281030444964872,37.111955534913754,1,11.578244931090872
C321,C,28,0.07142857142857142,270000,132000,4282750.000000004,32.445075757575786,1.3819444444444444,16.639164701403324,0.829472049689441,12.506177237980511
C331,C,196,0.025510204081632654,174900,128500,205000,1.595330739299611,0.2094053744997141,15.415495263025656,1.0054545454545454,12.071969661006694
C332,C,232,0.05603448275862069,180000,131550,225900,1.717217787913341,0.24722222222222223,19.49646509854402,0.9786758354926584,12.100712129872347
C333,C,44,0.022727272727272728,282000,201500,349700,1.735483870967742,0.3173758865248227,11.130856394885006,0.8953488372093024,12.54966234992025
C341,C,154,0.05194805194805195,157500,105000,189900,1.8085714285714285,0.2544444444444444,20.32810351529616,0.9865591397849462,11.967180737247824
C342,C,271,0.025830258302583026,165000,106000,230000,2.169811320754717,0.36666666666666664,24.61278183121517,0.9586206896551724,12.013700752882718
C343,C,191,0.03664921465968586,175000,125000,215000,1.72,0.2257142857142857,18.750340866517522,0.9787114845938376,12.072541252905651
C344,C,86,0.023255813953488372,200000,147500,272500,1.847457627118644,0.263375,17.718469439006803,1.0046755237608584,12.206072645530174
C345,C,63,0.047619047619047616,195000,149600,227000,1.517379679144385,0.2230769230769231,13.79743296366031,0.9790062241281753,12.180754837545884
C351,C,56,0,193500,151250,224950,1.4872727272727273,0.20155038759689922,12.191121973758392,0.9480717405913979,12.173032791451973
C352,C,44,0.09090909090909091,263250,187900,402750,2.143427354976051,0.5052231718898386,19.45507784580264,0.9697835851367904,12.480859429996222
C353,C,38,0.15789473684210525,228950,156260,321550.0000000001,2.0577883015487015,0.3825070976195676,23.62881633886456,0.9737851308320643,12.341258918085241
C354,C,50,0.12,193250,140600,261800.00000000003,1.8620199146514937,0.2813673997412678,21.883860234591708,0.9310914388166741,12.17173996644967
C362,C,35,0.08571428571428572,199000,85000,274959.4,3.2348164705882354,0.40703517587939697,25.44089007616062,0.931063829787234,12.201060103706629
C372,C,31,0,151000,120000,175000,1.4583333333333333,0.17218543046357615,13.674655066534624,0.775,11.925035115797062
C411,C,182,0.01098901098901099,175000,138999.2,219800,1.581304065059367,0.26085714285714284,12.792112958952112,0.972687898089172,12.072541252905651
C413,C,186,0.043010752688172046,176000,115000,207000,1.8,0.2393465909090909,17.83002056899578,0.9684491978609626,12.078239274020289
C414,C,38,0.05263157894736842,179383,111700,208250.00000000003,1.8643688451208598,0.31176309906735866,19.27177597271547,0.9664971458502588,12.097278463804638
C415,C,81,0.037037037037037035,195000,141000,223000,1.5815602836879432,0.1841025641025641,18.35150746616618,0.902,12.180754837545884
C416,C,40,0.075,221650,147200,415000,2.8192934782608696,0.6665903451387323,22.40465793292123,0.9668108991163923,12.308854840173199
C417,C,30,0.13333333333333333,202500,128900,227050,1.76144297905353,0.1962962962962963,16.626922167425374,0.9262450730350105,12.218495165528731
C421,C,227,0.04405286343612335,180000,114187.988,228700,2.00283763647714,0.3433333333333333,17.87036474657134,0.9593939393939394,12.100712129872347
C422,C,36,0.027777777777777776,273950,226000,335500,1.4845132743362832,0.16608870231794123,16.213525158334928,0.9193473792394655,12.520700886966562
C423,C,130,0.023076923076923078,190000,136800,230000,1.6812865497076024,0.2553947368421053,14.435658693671108,1,12.154779351142624
C424,C,62,0.03225806451612903,169450,125500,194990,1.5537051792828684,0.23384479197403363,15.428951751844314,1.0087904191616766,12.040313177035197
C426,C,52,0.019230769230769232,189950,145490,227700,1.5650560175957111,0.26625427744143193,16.389624487216054,0.9633978226385933,12.154516158615772
C427,C,75,0.013333333333333334,185000,109400,220000,2.010968921389397,0.30504054054054053,22.76511875813844,0.9794444444444446,12.128111104060462
C428,C,100,0.04,177450,132050,222000,1.6811813706929193,0.2803606649760496,18.526973068505775,0.9965543859649123,12.086444158074643
C511,C,66,0.045454545454545456,209500,126250,252500,2,0.2730310262529833,22.123104670051447,0.9948837209302326,12.25247901834433
C512,C,93,0.03225806451612903,185000,135400,223600,1.6514032496307238,0.22594054054054055,18.75767183799398,0.9673785260670507,12.128111104060462
C521,C,321,0.037383177570093455,189900,140000,220000,1.5714285714285714,0.2211690363349131,17.240256236275297,0.9576719576719576,12.154252896800378
C522,C,197,0.04568527918781726,164000,100780,205000,2.0341337566977575,0.39634146341463417,24.38809027126042,1,12.007621706806335
C524,C,80,0,184950,131800,217300,1.6487101669195752,0.2622330359556637,18.035626600483347,0.8799668191717949,12.1278407972606
C525,C,111,0.018018018018018018,185000,114000,221000,1.9385964912280702,0.27297297297297296,21.888529323577625,0.9234972677595628,12.128111104060462
C611,C,143,0.02097902097902098,215000,150300,264500.00000000006,1.7598137059214907,0.3488372093023256,18.774554208310846,0.928780487804878,12.2783933071098
C612,C,53,0,185000,150000,215000,1.4333333333333333,0.21621621621621623,13.189914579891823,0.978125,12.128111104060462
C613,C,69,0.043478260869565216,180000,139000,226000,1.6258992805755397,0.19444444444444445,15.063241325419527,0.9858542471042471,12.100712129872347
C621,C,80,0.025,229500,180064.5,255500.00000000003,1.4189359923805083,0.1895424836601307,14.26936139347931,0.9527302069489273,12.343658308482738
C622,C,51,0.0196078431372549,198000,150200,239000,1.5912117177097205,0.26515151515151514,13.712272032930741,1,12.196022309676673
C623,C,49,0,200000,149400,255200,1.7081659973226238,0.25,16.33634619842189,1,12.206072645530174
C624,C,47,0.02127659574468085,270000,186200,328760,1.7656283566058002,0.24074074074074073,13.93978562603885,0.9811076810413943,12.506177237980511
C631,C,63,0.047619047619047616,235000,169200,294000,1.7375886524822695,0.2423404255319149,17.006579318353936,0.9565055762081784,12.367340793126296
C632,C,57,0,230000,178000,271000,1.5224719101123596,0.22608695652173913,13.016637382308984,0.9733333333333334,12.345834587905333
C633,C,34,0,190750,143000,224100,1.567132867132867,0.19855832241153343,14.665451288375829,0.9871051640540414,12.158718949146703
C635,C,29,0,225000,155000,246100,1.5877419354838709,0.25377777777777777,12.150473908998686,1,12.323855681186558
C641,C,64,0,238700,158300,290000,1.831964624131396,0.24036447423544197,12.478762504810318,0.9850615841536539,12.382962812326921
C642,C,34,0.14705882352941177,199000,126700,398430,3.144672454617206,0.4920854271356784,27.220209609536,0.9264705882352942,12.201060103706629
C661,C,45,0.06666666666666667,244000,181360,318000,1.753418614909572,0.3442622950819672,18.14714327714755,0.8853235653235654,12.404923504275338
C662,C,23,0,239900,185700,322600,1.7372105546580505,0.3761984160066694,13.244895069515316,0.8913738019169329,12.387977448827787
C663,C,24,0.041666666666666664,207500,96500,341100,3.5347150259067357,0.8010240963855422,17.415540303046214,0.84,12.24288661865289
C664,C,63,0.07936507936507936,255000,188640,386880.0000000001,2.050890585241731,0.29901960784313725,19.679231421689426,0.9668852459016394,12.449018824140563
C665,C,57,0.07017543859649122,282000,156000,385000,2.467948717948718,0.46099290780141844,26.12667782615871,0.9294117647058824,12.54966234992025
C666,C,38,0,217000,175000,270000,1.542857142857143,0.1774193548387097,11.576148677363712,0.9931714404317145,12.287652632522597
C667,C,66,0.030303030303030304,211450,136750,235000,1.7184643510054844,0.21470796878694726,16.392920983137294,0.9492529550827422,12.261743842900634
C6i1,C,69,0.6666666666666666,354355.29,276892.16000000003,1840000.0000000005,6.6451863425818924,0.33231133645556704,181.82056765542802,0.19383876775355072,12.778055332869737
C711,C,93,0,319900,225000,369400,1.6417777777777778,0.2438261956861519,17.05468200491372,0.9093333333333332,12.675763725937609
C713,C,57,0.017543859649122806,205000,160000,281199.99999999994,1.7574999999999996,0.3121951219512195,15.053023347827661,0.9874698795180724,12.230765258120545
C714,C,44,0,235000,186720.335,272800,1.4610085184348025,0.17659574468085107,15.841003535906816,0.9201021276595744,12.367340793126296
C717,C,67,0.029850746268656716,182500,140000,252000,1.8,0.323013698630137,17.037996046296396,0.9831111111111112,12.114505452004684
C718,C,48,0.020833333333333332,269000,220260,318000,1.4437482974666302,0.2062267657992565,14.798950488031958,0.8960262572637923,12.502466658583977
C719,C,23,0,215000,180600,254800,1.4108527131782946,0.19744186046511628,12.834318954694695,0.9795238095238096,12.2783933071098
C721,C,29,0.034482758620689655,164000,140000,277000,1.9785714285714286,0.2073170731707317,13.832423070703536,0.8902635825712749,12.007621706806335
C722,C,70,0.05714285714285714,190000,137500,267920,1.948509090909091,0.225,17.806003801937667,0.965,12.154779351142624
C723,C,65,0.07692307692307693,210000,148580,379000,2.5508143760936868,0.44285714285714284,19.576788739616333,1,12.254862809699606
C731,C,93,0.021505376344086023,220000,147500,306000,2.074576271186441,0.39545454545454545,15.836871840620516,0.945168458781362,12.301382825334498
C732,C,35,0,220000,180800,244360,1.3515486725663717,0.1409090909090909,13.137356039058131,0.87,12.301382825334498
C733,C,121,0.024793388429752067,207000,165000,240000,1.4545454545454546,0.18357487922705315,15.746371501999544,0.9265822784810128,12.240474072247506
C734,C,47,0,185000,160000,229000,1.43125,0.19594594594594594,9.408824595322393,0.9885714285714284,12.128111104060462
C735,C,32,0,199000,157650,268100,1.7006026006977482,0.3599246231155779,12.809734833073286,0.9675270108043218,12.201060103706629
C741,C,58,0.017241379310344827,290000,204100,344740,1.6890739833414992,0.2038793103448276,12.526199186434159,0.9651724137931036,12.577636201962656
C743,C,64,0.015625,201250,156470,346500.0000000004,2.214482009330865,0.27639751552795033,16.924850303079605,1.001477832512315,12.21230319528081
C744,C,77,0.025974025974025976,205000,103800,273400,2.6339113680154145,0.3409756097560976,16.284390790133166,0.974074074074074,12.230765258120545
C745,C,95,0.021052631578947368,285000,189400,354620.00000000006,1.87233368532207,0.21052631578947367,15.82981057349581,0.9477777777777778,12.560244459250788
C749,C,26,0.11538461538461539,230000,177500,277380,1.5627042253521126,0.2375,21.252436432391345,0.941628959276018,12.345834587905333
C811,C,24,0.08333333333333333,372500,229000,487500,2.12882096069869,0.25664429530201344,19.139375802701693,0.8818006148440931,12.827992316801751
D121,D,350,0.06857142857142857,110000,65000,155200.00000000006,2.3876923076923084,0.4090909090909091,25.6210673519235,1.0798076923076922,11.608235644774552
D131,D,468,0.029914529914529916,136300,90000,169000,1.8777777777777778,0.27879677182685253,20.632387879077395,0.9935390054744526,11.822613617684624
D132,D,172,0.05232558139534884,122250,74200,174810,2.3559299191374663,0.48445807770961147,25.477324818177905,1.0147715314317365,11.713823407337118
D141,D,286,0.017482517482517484,195500,140000,255000,1.8214285714285714,0.35805626598465473,19.167598113432767,0.8839693105273596,12.183315658407558
D211,D,248,0.036290322580645164,160500,125000,213600.00000000003,1.7088000000000003,0.2515576323987539,15.875368451515069,1.0270763927447715,11.986049221552207
D221,D,243,0.037037037037037035,180000,120400.00000000001,239800.00000000003,1.9916943521594683,0.35805555555555557,19.661234607661257,0.9767201648949722,12.100712129872347
D222,D,168,0.023809523809523808,155000,115000,205300,1.7852173913043479,0.24629032258064515,15.751816940789292,1.027283781729746,11.951180395901384
D231,D,135,0.014814814814814815,193000,150400,264960,1.7617021276595746,0.24093264248704663,12.846961203263067,0.96775956284153,12.170445467887022
D232,D,87,0.034482758620689655,179900,133000,223500.00000000003,1.680451127819549,0.18371317398554754,16.39567871384441,0.9799277038750722,12.100156419938624
D241,D,124,0.024193548387096774,166500,122000,209630,1.7182786885245902,0.2536036036036036,17.224835282685326,0.99625,12.022750588402635
D242,D,309,0.045307443365695796,162000,125000,230599.99999999997,1.8447999999999998,0.2932098765432099,18.159495336065508,1.0333167965981573,11.99535161421452
D243,D,140,0.04285714285714286,188900,145000,235000,1.6206896551724137,0.2536064055055585,15.829811404539036,0.9933658536585366,12.1489730534896
D251,D,34,0.029411764705882353,224000,158900,425700,2.6790434235368155,0.8783482142857143,22.353668342548403,0.9561166007905137,12.319401330837177
D311,D,73,0.0136986301369863,213000,160400,245000,1.527431421446384,0.22793427230046948,14.79625260819608,0.9573394495412844,12.269047444691562
D312,D,182,0.02197802197802198,199000,140100,264340.00000000006,1.8867951463240547,0.29773869346733667,15.75860132118628,0.971347003417521,12.201060103706629
D313,D,208,0.07211538461538461,180000,110035,240750,2.1879402008451856,0.3333333333333333,22.957224314612347,0.9742857142857143,12.100712129872347
D314,D,32,0,200000,160999.9,249500,1.5496904035344121,0.201125,14.600529137139773,1.0038314274215372,12.206072645530174
D321,D,82,0.06097560975609756,198250,146550,251800,1.7181849198225863,0.22698612862547288,21.264105559752945,0.9734278650378128,12.197284139497095
D322,D,31,0.03225806451612903,176900,135000,230000,1.7037037037037037,0.34511023176936123,18.58644140855923,1.0451686678101773,12.083339880147877
D331,D,75,0.013333333333333334,174900,135000,210000,1.5555555555555556,0.21869639794168097,16.2258227635733,1,12.071969661006694
D332,D,200,0.07,159900,100000,219089.7,2.190897,0.31785490931832394,25.16450680354096,1.0117716303708064,11.982303898822046
E121,E,125,0.136,65000,40000,125000,3.125,0.8,32.38803518822078,1.238012489818083,11.082142548877775
E122,E,285,0.07017543859649122,93730,60000,129959.40000000001,2.1659900000000003,0.4480955937266617,25.02910911882288,1.1797752808988764,11.44817358774053
E124,E,101,0.13861386138613863,70000,39000,140000,3.58974358974359,0.9357142857142857,32.02801912121599,1.1844812030075187,11.156250521031495
E125,E,301,0.09302325581395349,105000,65000,149000,2.292307692307692,0.47523809523809524,29.0009765425563,1.0822727272727273,11.56171562913966
E126,E,138,0.18115942028985507,93500,43500.00000000001,158250,3.637931034482758,0.6778074866310161,35.297323295841736,1.1613123993558776,11.44571671527678
E211,E,65,0.06153846153846154,145000,84060,178000,2.1175350939804902,0.32068965517241377,23.552344169455594,1.0153886109125567,11.884489021402711
E212,E,79,0.0759493670886076,165000,101600,288400,2.838582677165354,0.5666272727272728,23.953144789933507,1.0246698588709677,12.013700752882718
E213,E,111,0.018018018018018018,149900,110000,195000,1.7727272727272727,0.2334889926617745,15.337945468536402,1.0126751167444965,11.917723684090689
E214,E,79,0.0379746835443038,154900,100000,214600.00000000003,2.1460000000000004,0.25984506132989027,18.86945141672626,1.0050359712230217,11.95053502640496
E215,E,121,0.024793388429752067,161000,125000,196900,1.5752,0.24285714285714285,15.330118881082045,1.033125,11.9891596439666
E217,E,81,0.024691358024691357,150000,110000,170000,1.5454545454545454,0.24,16.239489086178356,1.0425396825396824,11.918390573078392
E218,E,21,0.09523809523809523,185000,165000,225000,1.3636363636363635,0.24324324324324326,12.070556820842553,1.0156627776679192,12.128111104060462
E221,E,143,0.1048951048951049,92500,55980.00000000001,139520.00000000003,2.4923186852447303,0.5589189189189189,30.785356793027542,1.096470588235294,11.434963923500517
E222,E,35,0.02857142857142857,116000,70000,145000,2.0714285714285716,0.4995689655172414,23.673314356074332,1.0422872340425533,11.661345470088502
E223,E,55,0.09090909090909091,99900,60000,270000,4.5,0.5855855855855856,26.511630919428747,1.1503473684210528,11.511924964636645
E224,E,188,0.11170212765957446,89900,50000,128600.00000000003,2.5720000000000005,0.5553392658509455,30.224454581850775,1.1162710043948727,11.406453220459712
E225,E,48,0.020833333333333332,125750,72350,156200.00000000003,2.1589495507947483,0.378727634194831,24.466454035794325,0.9953221696396068,11.742051087961986
E226,E,47,0.0851063829787234,108000,64200,137360,2.139563862928349,0.41712962962962963,23.8873575175469,1.1611111111111112,11.589886506106357
E227,E,100,0.08,106500,68500,143190,2.0903649635036494,0.3755868544600939,24.79694271041694,1.1392156862745098,11.575900264131617
E231,E,283,0.04946996466431095,110000,76000,148000,1.9473684210526316,0.32045454545454544,21.627021680488525,1.0654545454545454,11.608235644774552
E233,E,247,0.020242914979757085,130000,100000,165000,1.65,0.2692307692307692,16.344962391093365,1.0084615384615383,11.77528972943772
E234,E,59,0.05084745762711865,118600,92400,150600,1.62987012987013,0.22976391231028667,15.756292742847958,1.1008666666666667,11.683511765545763
E235,E,342,0.03508771929824561,115733,80000,160000,2,0.328341959510252,20.272200155071584,1.076861063464837,11.659041092911743
E237,E,89,0.07865168539325842,110000,65800,142600,2.1671732522796354,0.45454545454545453,30.978480006535236,1.059040404040404,11.608235644774552
E238,E,84,0.07142857142857142,100000,70150,150470.00000000003,2.1449750534568786,0.4338125,25.744887269352976,1.202020202020202,11.512925464970229
E239,E,137,0.17518248175182483,80000,50000,131200,2.624,0.625,27.879634601288846,1.33125,11.289781913656018
E241,E,249,0.040160642570281124,152000,110000,186320,1.693818181818182,0.2631578947368421,19.586466405333656,0.9575757575757576,11.931635799828413
E242,E,171,0.023391812865497075,142000,105000,180000,1.7142857142857142,0.2746478873239437,15.834442609964002,0.9801418439716312,11.863582336583399
E243,E,201,0.029850746268656716,140000,106000,176000,1.6603773584905661,0.2642857142857143,17.375182400320895,0.9837037037037036,11.84939770159144
E244,E,184,0.010869565217391304,138500,107000,172700.00000000003,1.6140186915887853,0.23916967509025272,15.37008597575439,1,11.83862560460953
E245,E,71,0.09859154929577464,100000,55000,160000,2.909090909090909,0.705325,28.775788800565696,1.1167964404894326,11.512925464970229
E246,E,53,0.018867924528301886,110000,71800,144000,2.0055710306406684,0.3090909090909091,20.096910073766427,1.086666666666667,11.608235644774552
E251,E,138,0.028985507246376812,136889.5,92050,185000,2.0097772949483974,0.35630928595692146,19.359022726734285,1.0030117753623187,11.826929310015132
E252,E,189,0.031746031746031744,149000,107600,180000,1.6728624535315986,0.26241610738255033,18.391963936011077,1.002980879879614,11.911701584927597
E253,E,138,0.007246376811594203,143000,110350,173826.4,1.575227911191663,0.2699300699300699,17.239081055533376,0.9826686476905432,11.870599909242044
E254,E,39,0.05128205128205128,137000,78000.00000000001,218320.00000000012,2.79897435897436,0.583941605839416,17.382046347552855,0.967213301642424,11.827736204810263
E311,E,69,0.11594202898550725,140000,76800,188000,2.4479166666666665,0.39285714285714285,26.81831772741988,0.9907117181883538,11.84939770159144
E312,E,29,0.034482758620689655,155000,101400,198000,1.952662721893491,0.2967741935483871,22.04171670397099,0.9870967741935484,11.951180395901384
E313,E,72,0.05555555555555555,154000,80050,218150.00000000003,2.725171767645222,0.3778409090909091,22.509026219102928,1.0147779519331244,11.944707881395766
E314,E,105,0.05714285714285714,137000,85220,199140,2.3367754048345457,0.354014598540146,24.533420128334487,0.9996829422954978,11.827736204810263
E315,E,66,0.16666666666666666,126450,55750,184000,3.3004484304932737,0.5810377421905892,33.457038472958,1.0406451612903225,11.747602252098112
E321,E,94,0.07446808510638298,107250,61057.5,141400,2.3158498137002006,0.4114219114219114,27.73450608867182,1.093,11.582917836790264
E322,E,53,0.09433962264150944,113000,65000,166920.00000000006,2.568000000000001,0.3504424778761062,30.046941027607442,1.0380488877762677,11.635143097694478
E323,E,269,0.13011152416356878,70000,43000,119040.00000000001,2.768372093023256,0.6357142857142857,31.054830908047595,1.2268855209839518,11.156250521031495
E324,E,194,0.08247422680412371,105000,55430,139900,2.5239040230921885,0.48333333333333334,29.838565612180357,1.00524531835206,11.56171562913966
E331,E,216,0.18518518518518517,64000,34500,105000,3.0434782608695654,0.630078125,37.19241179130007,1.1811962912709182,11.06663836234181
E332,E,110,0.17272727272727273,70000,42700,119900,2.8079625292740045,0.6428571428571429,35.22383465906197,1.214253048780488,11.156250521031495
E333,E,35,0.11428571428571428,93000,47000,146000.00000000003,3.106382978723405,0.6639784946236559,37.989593166464914,1.1166666666666667,11.440354772135393
E341,E,135,0.1037037037037037,88000,48800,122000,2.5,0.47670454545454544,26.400874290398868,1.1004843396835646,11.385092093460344
E342,E,89,0.30337078651685395,80000,27667.4,120000,4.337234434749922,0.76875,40.190465732195264,1.0170814479638008,11.289781913656018
E411,E,60,0.15,129950,67950,160500,2.3620309050772628,0.3805309734513274,31.44578203717655,1.0337219186399516,11.774905040069637
E412,E,128,0.0703125,105500,71400,175600,2.4593837535014007,0.47559241706161137,20.283997483499817,1.11588,11.566466231898259
E413,E,225,0.035555555555555556,100000,66190,135000,2.0395830185828676,0.4,24.55831220641374,1.1361361361361362,11.512925464970229
E421,E,50,0.16,89950,44900,137200,3.0556792873051224,0.679544191217343,30.666290142030757,1.2083333333333333,11.407009239378679
E422,E,218,0.11467889908256881,95000,51850,129930,2.5058823529411764,0.4776315789473684,28.040647359459154,1.1294117647058823,11.461632170582678
E423,E,116,0.09482758620689655,92500,55000,127000,2.309090909090909,0.45497027027027026,27.582463748229515,1.1925534054986109,11.434963923500517
E431,E,56,0.19642857142857142,110375,60500,230000,3.8016528925619837,0.5879343148357871,32.67351069269843,1.221666666666667,11.61163893790626
E432,E,216,0.23148148148148148,70000,35000,119900,3.4257142857142857,0.5717857142857142,31.471836006022603,1.2762589928057555,11.156250521031495
E433,E,271,0.2066420664206642,72500,40000,129900,3.2475,0.626551724137931,32.746521252242204,1.2718458417849898,11.191341840842766
E434,E,102,0.3235294117647059,70000,30000,121790.00000000001,4.059666666666667,0.842825,44.92019647849495,1.1439655172413794,11.156250521031495
E435,E,176,0.3465909090909091,48550,25000,95000,3.8,0.8135942327497425,41.40365524892717,1.2865806451612904,10.790349473719472
E511,E,88,0.022727272727272728,89950,63000,120599.99999999999,1.9142857142857141,0.3668704836020011,19.89488822549259,1.0942293999882236,11.407009239378679
E512,E,299,0.24414715719063546,74100,36200,131200,3.6243093922651934,0.8191632928475033,37.10976932840399,1.2194285714285715,11.213170811284177
E513,E,79,0.5189873417721519,50000,19980,117000.00000000003,5.855855855855857,1.42,37.11502338228386,1.46,10.819778284410283
E514,E,132,0.16666666666666666,85000,45000,134800,2.9955555555555557,0.6823529411764706,30.207301663146012,1.1881881881881882,11.350406535472453
E521,E,334,0.0748502994011976,105000,65680,139630,2.125913520097442,0.40595238095238095,24.9020902727128,1.0733897202342226,11.56171562913966
E531,E,105,0.24761904761904763,72000,32620,110000,3.3721643163703248,0.6970555555555555,33.90587113854119,1.170629370629371,11.184421397998193
E532,E,160,0.15625,84500,44500,140042.6,3.1470247191011236,0.7159763313609467,34.545493928880404,1.1192642642642643,11.344506813345266
E533,E,48,0.3125,42700,21500,93000.00000000004,4.32558139534884,0.9016393442622951,35.757022314024404,1.2794642857142857,10.661954199216716
E534,E,185,0.3567567567567568,40000,18000,95599.99999999997,5.311111111111109,0.9425,31.674180862652086,1.3395833333333331,10.596634733096073
E535,E,234,0.452991452991453,38000,18300,80000,4.371584699453552,0.9388157894736842,37.700973461481496,1.3929999999999998,10.545341438708522
E611,E,64,0.078125,155950,109300,199396.50000000003,1.8243046660567248,0.34786790638025006,22.91639591078102,1.0050769230769232,11.95729072203595
E612,E,59,0.0847457627118644,150000,85880.2,206799.80000000002,2.408003241725101,0.494,25.490657067988312,1.0605,11.918390573078392
E613,E,30,0.13333333333333333,137500,66330,208100,3.1373435851047793,0.5416363636363636,26.191168110244167,1.0542857142857145,11.831379196088763
E621,E,72,0.5277777777777778,34050,9100.000000000002,80880.00000000003,8.88791208791209,1.1593759177679883,43.99553993893026,1.1466937216519457,10.435585311577658
E622,E,82,0.25609756097560976,95000,42750,158900,3.7169590643274852,0.6868421052631579,39.812015878748774,1.0559670781893005,11.461632170582678
E623,E,50,0.32,89950,31550,176450,5.5927099841521395,1.0007087270705948,52.1403422567363,1.0601250880902042,11.407009239378679
E632,E,43,0.46511627906976744,38000,12580,82320,6.543720190779014,0.7894736842105263,24.610893312585016,1.51,10.545341438708522
E633,E,52,0.5,29706,12650,59900,4.735177865612648,0.9930653739985188,27.96085804814576,1.3307954545454546,10.299104324589479
E711,E,62,0.41935483870967744,42400,12750,158850,12.458823529411765,1.474056603773585,36.603655074780946,1.32,10.654903641220049
E712,E,66,0.6060606060606061,30375,11096,83000,7.480173035328046,1.0576131687242798,32.420593408992985,1.524074074074074,10.32137518064285
E713,E,93,0.4838709677419355,30000,13961.2,102399.99999999996,7.334613070509695,1.2,37.90300815232819,1.3149854869806563,10.308952660644293
E714,E,25,0.4,38000,18760,81000.00000000006,4.317697228144993,0.7131578947368421,39.39419681783579,1.4126190476190477,10.545341438708522
E721,E,41,0.5853658536585366,29999,8000,90000,11.25,1.263375445848195,32.81987419793919,1.2467889908256882,10.308919326755392
E722,E,43,0.5116279069767442,29000,10400,98000.00000000004,9.423076923076927,1.3103448275862069,40.459310825144726,1.4693834900731453,10.275051108968611
E723,E,32,0.59375,48250,6020.9249999999965,94500.00000000001,15.695262771085849,1.1181347150259067,49.83207603058965,1,10.784151106767132
E724,E,30,0.4,23231.5,5800,46000,7.931034482758621,0.6984051826184275,29.550311075815284,1.3688888888888888,10.053264395354352
F111,F,91,0.15384615384615385,89900,35000,129000,3.6857142857142855,0.5150166852057843,36.31919175008322,0.9579464285714285,11.406453220459712
F112,F,203,0.08374384236453201,95000,57200.000000000015,129000,2.2552447552447545,0.43157894736842106,27.27315752528939,0.9973001883960788,11.461632170582678
F113,F,217,0.09216589861751152,75000,42200,117200,2.7772511848341233,0.52,31.027503855470353,1.0707692307692307,11.225243392518447
F114,F,114,0.21929824561403508,70000,32200.000000000004,109970,3.4152173913043473,0.6507142857142857,42.84435422929815,1.0616052631578947,11.156250521031495
F115,F,41,0.3902439024390244,38000,16500,220000,13.333333333333334,1.3157894736842106,41.9445010945751,1.1366666666666667,10.545341438708522
F116,F,95,0.25263157894736843,68000,25240,101200.00000000003,4.009508716323298,0.6977941176470588,35.23061684695556,1.0642857142857145,11.127262984158243
F121,F,348,0.5603448275862069,20000,5839.4,55000,9.41877590163373,1.10625,38.27255060052593,1.4367948717948718,9.903487552536127
F122,F,240,0.6166666666666667,14875,4950.000000000001,44609.99999999999,9.012121212121208,1.0453781512605043,35.88273693162469,1.55,9.607437230413831
F211,F,54,0.5925925925925926,29007,10600.000000000002,119000.00000000006,11.226415094339627,1.6547729858310063,43.78026405937934,1.444310776942356,10.275292459151657
F212,F,542,0.5295202952029521,29900,10000,80900.00000000003,8.090000000000003,1.0827759197324414,37.20122861117884,1.431578947368421,10.305613759378778
F221,F,83,0.4939759036144578,46500,13000.000000000004,337399.99999999994,25.953846153846143,2.6021505376344085,56.970302797942594,1,10.747207591575448
F222,F,497,0.13883299798792756,119000,50600,199820,3.94901185770751,0.6512605042016807,36.34504006363059,0.9116666666666666,11.686878772093667
F311,F,103,0.17475728155339806,114900,50379.8,183040,3.6332021961182854,0.6505657093124456,35.11955595531899,1.0726086956521739,11.651817463836847
F312,F,194,0.13402061855670103,130000,60000,197210,3.2868333333333335,0.5567307692307693,34.59696181624557,0.9354675360710323,11.77528972943772
F313,F,84,0.05952380952380952,123500,65600,195000,2.972560975609756,0.5284412955465587,26.833327146116535,1.0437271062271063,11.72399643505017
F411,F,63,0.5238095238095238,25000,9200,108400.0000000001,11.782608695652184,1.67,39.45214455938152,1.1255714285714287,10.126631103850338
F412,F,85,0.43529411764705883,29900,9400,79960,8.506382978723405,1.5351170568561874,38.19599511577663,1.442687648712957,10.305613759378778
F413,F,125,0.584,20500,7000,50000,7.142857142857143,1.048780487804878,35.86942583539115,1.5509562841530053,9.9281801651265
F414,F,38,0.5263157894736842,16000,5000,50000,10,1.17578125,39.377050234255144,1.3784905660377358,9.680344001221918
F421,F,360,0.2861111111111111,51750,19000,122050,6.423684210526316,1.0048309178743962,40.64039582052009,1.1695906432748535,10.854179711127616
F422,F,95,0.42105263157894735,24625,5200,61200.000000000015,11.769230769230772,1.0964467005076142,34.25348967519173,1.3778404512489928,10.11151746604029
F423,F,69,0.4782608695652174,14000,3875.464,36400.00000000001,9.392423720101647,1.5,42.06132369247079,1.093142416265771,9.546812608597396
F424,F,64,0.484375,22750,5000,60000,12,1.4667472527472527,42.878975742092756,1.235,10.032320424379096
F511,F,257,0.17509727626459143,115000,56200,194620,3.4629893238434164,0.6434782608695652,36.15057510973393,0.891875,11.652687407345388
F512,F,419,0.14558472553699284,118500,54400.000000000015,209000,3.8419117647058814,0.6687763713080169,37.44522953446309,0.8979160839160839,11.682668239557323
F513,F,53,0.20754716981132076,160000,52000,294000,5.653846153846154,1.09375,37.69563427218439,1.045576470588235,11.982929094215963
F611,F,421,0.6270783847980997,115000,19500,370000,18.974358974358974,1.9130434782608696,94.63961786981918,0.4074074074074074,11.652687407345388
F612,F,786,0.43384223918575066,199000,60000,374950,6.2491666666666665,0.8542713567839196,56.05412776521613,0.5815,12.201060103706629
F613,F,127,0.2677165354330709,145000,50000,297200,5.944,0.8620689655172413,46.117251914960434,0.6475,11.884489021402711
F614,F,199,0.25125628140703515,159000,50000,287220,5.7444,0.7562893081761006,44.63348719986083,0.7339622641509433,11.976659481202368
F621,F,153,0.45098039215686275,300000,87205,496180,5.689811364027292,0.85,49.986690618218475,0.5779166666666666,12.611537753638338
F622,F,632,0.2879746835443038,255000,108874.99999999999,449539.6999999999,4.128952468427095,0.7735294117647059,42.935930033095616,0.660203120347764,12.449018824140563
F623,F,382,0.36649214659685864,218500,80000,410000,5.125,0.7665903890160183,47.82734199801106,0.5992668173161368,12.294541293517781
F624,F,193,0.35751295336787564,270000,95000,445600.00000000006,4.690526315789474,0.7592592592592593,50.29910372366477,0.6421212121212121,12.506177237980511
F631,F,105,0.6285714285714286,45000,5000,175540,35.108,2.588888888888889,75.92980587670701,0.45,10.714417768752456
F632,F,399,0.5839598997493735,195850,32700,410000,12.53822629969419,1.3020168496298188,77.8615723921076,0.4171038985980411,12.185104339093977
F711,F,100,0.25,50500,23584,120800.00000000007,5.122116689280872,1.1163366336633664,37.5272364761303,1.0855555555555556,10.829728615263452
F712,F,69,0.2753623188405797,84900,38800.00000000001,153000.00000000006,3.9432989690721656,0.9422850412249706,41.08153329764673,1.1413793103448275,11.349229372299439
F811,F,43,0.11627906976744186,110500,45400,159980,3.5237885462555067,0.5475113122171946,31.450374397719926,1.085972850678733,11.612770799939945
FXi2,F,32,0.34375,73700,25399.999999999996,209375.00000000012,8.243110236220478,1.0549525101763908,36.33707354689851,1.2002534886698246,11.207758078177427
G111,G,116,0.14655172413793102,67250,34250,113450,3.3124087591240876,0.6029739776951673,29.143466710726507,1.216923076923077,11.116172297464086
G112,G,441,0.40816326530612246,48000,15000,99000,6.6,0.96875,39.55101904863656,1.2156007751937985,10.778956289890028
G121,G,43,0.5116279069767442,32000,10000,78600.00000000003,7.860000000000003,1.084375,43.75945846742255,1.283062645011601,10.373491181781864
G122,G,46,0.391304347826087,45450,14037.5,177500,12.644701691896705,1.2700770077007701,43.11247390398304,1.1690322000359776,10.724368099605625
G123,G,31,0.3870967741935484,30000,10000,66000,6.6,0.75,28.202523642600855,1.6,10.308952660644293
G211,G,222,0.545045045045045,26000,9520.104000000001,70000,7.352860851099945,1.2956730769230769,38.80482161188764,1.3861486486486485,10.165851817003619
G212,G,98,0.6224489795918368,24350,5000,86499.99999999999,17.299999999999997,1.2364373716632444,39.63233473263097,1.3339285714285714,10.100287128510736
G213,G,279,0.6057347670250897,23000,5000,115000,23,1.7391304347826086,48.89004867197762,1.2714285714285714,10.043249494911286
G214,G,187,0.6042780748663101,20000,5000,63160.000000000015,12.632000000000003,1.4,39.918224431607186,1.2933333333333332,9.903487552536127
G221,G,90,0.5666666666666667,25000,5975.6,108500.00000000029,18.15717250150617,1.23707,37.684334323141634,1.58,10.126631103850338
G311,G,422,0.5947867298578199,18000,5000,59900,11.98,1.3888888888888888,44.63618292691748,1.2134831460674158,9.798127036878302
G312,G,230,0.7086956521739131,14044,4000,39099.99999999999,9.774999999999999,1.2428973227000855,35.53945666857814,1.5666666666666667,9.549950537288323
G313,G,188,0.7127659574468085,10250,3000,35000,11.666666666666666,1.3585365853658538,48.455894933035104,1.2428571428571429,9.235032984566555
G314,G,148,0.75,8000,2452.6000000000004,39800.000000000065,16.22767675120283,2.125,33.84906627871627,1.441551724137931,8.987196820661973
G321,G,182,0.6978021978021978,10750,2103.3590000000004,70000,33.28010101936949,1.8604651162790697,41.89501220123133,1.3325872563660175,9.28266103355581
G322,G,115,0.6521739130434783,6796.36,2000,34600.00000000001,17.300000000000004,1.9949649518271546,45.81830693238292,1,8.824142453725507
G323,G,49,0.6122448979591837,20000,4800.000000000001,84160.00000000006,17.533333333333342,1.6,54.30988745879959,1.0902255639097744,9.903487552536127
G324,G,180,0.6444444444444445,10000,2500,50489.99999999997,20.195999999999987,2,50.58003236481527,1.1229361702127658,9.210340371976184
G331,G,95,0.6,10000,2000,127200.00000000009,63.600000000000044,3.75,47.82322338371307,1.0052631578947366,9.210340371976184
G332,G,122,0.6229508196721312,15000,3730,134800,36.13941018766756,3.5166666666666666,51.210697555426904,0.8666666666666667,9.615805480084347
G333,G,135,0.4962962962962963,45000,3012.032,200000,66.40035696831906,2.25,57.76823623764353,0.6439285714285714,10.714417768752456
G334,G,54,0.46296296296296297,21850,4252.9,90500.00000000006,21.279597451150995,2.494279176201373,51.86576489208471,1,9.991956200523736
G341,G,126,0.7380952380952381,13000,2800,54500,19.464285714285715,1.7346153846153847,53.379604884520226,1.2352941176470589,9.472704636443673
G342,G,122,0.6885245901639344,20000,3000,305400.00000000006,101.80000000000003,2.01875,55.35285581971761,1.1151740812379112,9.903487552536127
G344,G,75,0.76,11037.78,3000,64022.000000000015,21.34066666666667,1.902556492338133,63.08932650055245,1.0243154089741662,9.309079212653872
G411,G,227,0.4977973568281938,124900,21900.000000000004,425000,19.406392694063925,1.411128903122498,66.28927339232715,0.5534177215189874,11.73526869611367
G412,G,189,0.5767195767195767,47000,6928.6,319000.00000000035,46.04104725341344,2.6595744680851063,85.57113420929468,0.5316125130344109,10.757902880692196
G413,G,182,0.510989010989011,210000,50000,428060,8.5612,1.3452380952380953,74.67860751875905,0.5242626262626262,12.254862809699606
G414,G,188,0.5531914893617021,300000,83500,507900,6.082634730538922,0.8875,71.00571114492314,0.4820997442455243,12.611537753638338
G421,G,194,0.5927835051546392,50500,11150,236950.00000000012,21.251121076233193,2.272277227722772,87.4337615609961,0.48738461538461536,10.829728615263452
G422,G,80,0.6375,127500,10000,415000,41.5,2.233921568627451,73.36887502700264,0.4162903677669112,11.755871643580617
G513,G,119,0.08403361344537816,170000,101400,230000,2.2682445759368837,0.3264705882352941,30.13262460445753,0.6850852272727272,12.043553716032399
G522,G,70,0.6571428571428571,229900,44000,566000,12.863636363636363,1.1874728142670727,154.73925727094698,0.28714285714285714,12.345399710751273
H111,H,293,0.6075085324232082,130000,25000,508000.0000000001,20.320000000000004,2.1153846153846154,81.49617330577489,0.4263768115942029,11.77528972943772
H112,H,150,0.26666666666666666,247500,80000,545500,6.81875,1.1666666666666667,41.60561324667611,0.785614849187935,12.419165860990882
H113,H,81,0.4691358024691358,95000,18500,235000,12.702702702702704,1.431578947368421,64.36591288939763,0.6628571428571428,11.461632170582678
H114,H,775,0.5819354838709677,56000,10000,249540,24.954,1.7446428571428572,82.6048077056943,0.4866666666666667,10.933106969717286
H115,H,42,0.5476190476190477,315000,93500.00000000003,731749.9999999999,7.826203208556146,1.0015873015873016,62.15621802866974,0.4969709420394779,12.66032791780777
H121,H,127,0.3937007874015748,274900,52200.000000000015,410400,7.862068965517239,0.48744998181156785,39.42614269180443,0.5956730769230769,12.524162674153336
H122,H,135,0.45185185185185184,225000,65000,437760.0000000001,6.734769230769232,0.9677777777777777,51.167440521039495,0.5437209302325582,12.323855681186558
H141,H,72,0.3611111111111111,250000,99900.00000000006,491657.2,4.92149349349349,0.67,50.557026310497065,0.675,12.429216196844383
H211,H,400,0.3525,159250,35000,455490.0000000001,13.014000000000003,1.7425431711145998,47.40445735980338,0.8427527891955373,11.97823057343441
H212,H,122,0.5245901639344263,16400,5000,78600.00000000003,15.720000000000006,1.6522865853658537,54.02704656337962,1,9.70503661381229
H213,H,38,0.39473684210526316,80000,18500,237000.00000000017,12.81081081081082,1.4496875,65.67593899144843,0.8161764705882353,11.289781913656018
H222,H,249,0.5381526104417671,30000,5000,85400.00000000003,17.080000000000005,1.2833333333333334,73.46638002212934,0.606,10.308952660644293
H223,H,43,0.5348837209302325,50000,11400,214000.00000000012,18.771929824561415,1.59,85.47948152742332,0.6492592592592592,10.819778284410283
H311,H,265,0.4528301886792453,15000,3205.6000000000004,44000,13.725979535812327,1.2250666666666667,45.87014247848362,1.0245215311004785,9.615805480084347
H312,H,30,0.6,10250,3910.0000000000005,26940.000000000007,6.890025575447571,1.4317073170731707,43.772459401991014,1.1203007518796992,9.235032984566555
H313,H,221,0.5339366515837104,12219.5,1500,40000,26.666666666666668,1.440320798723352,46.051433991072955,1.2193749999999999,9.410788315358204
H314,H,274,0.45985401459854014,15000,2602.3,97100.00000000006,37.313146063098046,2.4825333333333335,48.97164570319781,0.9660377358490566,9.615805480084347
H321,H,78,0.34615384615384615,13000,3350,31299.999999999996,9.343283582089551,0.9168076923076923,33.82336889073939,1.245,9.472704636443673
H322,H,169,0.5207100591715976,13000,2112.5119999999997,70400.00000000003,33.32525448376153,1.603846153846154,47.55886916270961,1.2087121212121212,9.472704636443673
H323,H,88,0.375,25000,6700.000000000001,108530,16.198507462686564,1.962,51.95521817845553,0.9,10.126631103850338
H324,H,115,0.5217391304347826,16830,3700,75000,20.27027027027027,1.3380867498514557,52.724201451793604,1.0294117647058822,9.730918287184851
H325,H,83,0.5060240963855421,20000,4000,58999.999999999985,14.749999999999996,1.49,52.88586813189128,1,9.903487552536127
H411,H,216,0.5740740740740741,25875,6750,86750,12.851851851851851,1.3623188405797102,46.21003948602219,1.2805833333333334,10.16103253056767
H412,H,119,0.47058823529411764,25000,6400,60000,9.375,1.158,35.76835760017058,1.312,10.126631103850338
H511,H,176,0.5,20300,4400,63500,14.431818181818182,1.1342364532019704,39.973786442992974,1.2655601659751037,9.918376165029878
H512,H,64,0.390625,55000,12013.400000000001,162000.00000000003,13.484941814973281,1.2522727272727272,44.78139045690154,0.9957100069320008,10.915088464214607
H513,H,141,0.48936170212765956,18000,2000,60000,30,1.1666666666666667,34.47275695405794,1.3421052631578947,9.798127036878302
H521,H,182,0.43956043956043955,35000,8000,140000,17.5,1.7164285714285714,49.90334785475004,1,10.46310334047155
H522,H,109,0.5963302752293578,20000,3000,114920,38.306666666666665,1.7,46.592435641040616,1.1130434782608696,9.903487552536127
H523,H,69,0.5652173913043478,15000,3972.998,57000.00000000003,14.346848400125051,1.2666666666666666,34.85446595804715,1.4477355864811132,9.615805480084347
H524,H,261,0.5593869731800766,16000,2200,60000,27.272727272727273,1.59375,47.33036673941895,1.2363636363636363,9.680344001221918
H525,H,108,0.6388888888888888,22000,2350.0000000000005,116089.49999999997,49.399787234042535,1.3755963636363635,53.02220109406456,1.1830708661417322,9.998797732340453
J111,J,137,0.043795620437956206,206000,144400,313170,2.1687673130193907,0.41262135922330095,20.638275258280846,0.8386497326203208,12.235631447771718
J112,J,105,0.05714285714285714,175000,130000,258600,1.9892307692307691,0.4565714285714286,25.32505036091878,0.8388571428571429,12.072541252905651
J113,J,83,0.1566265060240964,135000,68920,185800,2.6958792803250144,0.5740740740740741,35.384152819278306,0.9053435114503816,11.813030057420567
J121,J,24,0.041666666666666664,280000,263600,344700,1.3076631259484066,0.14285714285714285,14.984246955471596,0.9033928571428571,12.542544882151386
J211,J,967,0.23474663908996898,149900,40000,278759.99999999994,6.9689999999999985,0.8272181454302868,43.54971886549134,0.7714285714285715,11.917723684090689
J213,J,214,0.04205607476635514,167750,100000,245700,2.457,0.46497764530551416,27.028489711929993,0.8987654320987655,12.030230054833929
J214,J,338,0.14201183431952663,283750,151350,410600,2.712917079616782,0.4431718061674009,32.05627333914406,0.6907349434689237,12.55584884777775
J221,J,337,0.17507418397626112,125000,50000,200000,4,0.616,39.82103549162125,0.8615384615384616,11.736069016284437
J222,J,257,0.16342412451361868,85000,40000,158800,3.97,0.7552941176470588,33.612485626486674,0.9070588235294118,11.350406535472453
J223,J,233,0.05150214592274678,150000,80600.00000000001,215000,2.667493796526054,0.40066666666666667,32.47670058114316,0.8140845070422535,11.918390573078392
J224,J,181,0.4530386740331492,115000,10000,329000,32.9,1.6147826086956523,67.45272532427245,0.6792792792792792,11.652687407345388
J225,J,533,0.150093808630394,160000,80000,240000,3,0.60625,37.35218548947488,0.9061818181818182,11.982929094215963
J311,J,467,0.3147751605995717,222000,80900,499892,6.179134734239803,0.9031531531531531,48.07292876867853,0.7073469387755102,12.310432660854417
J312,J,312,0.20833333333333334,233000,110000,489110.0000000003,4.446454545454548,0.848175965665236,39.16398914001759,0.8136666666666666,12.358793732547838
J321,J,466,0.2296137339055794,212000,82000,365000,4.451219512195122,0.6875,44.608631974419296,0.7844633204633205,12.26434155365415
J322,J,161,0.12422360248447205,265000,145000,393000,2.7103448275862068,0.47924528301886793,29.99414200934397,0.7655577299412916,12.487485104968359
J323,J,204,0.16176470588235295,305000,194300,532070.0000000002,2.738394235717963,0.4098360655737705,30.455142914031878,0.7045104237867396,12.628067055589549
J411,J,93,0.3225806451612903,315000,142000,597920,4.210704225352113,0.8539682539682539,41.81659951821254,0.7201739130434782,12.66032791780777
J412,J,225,0.1288888888888889,272000,140800,439200,3.1193181818181817,0.5555992647058824,33.04104301294021,0.77,12.513557345278134
J421,J,150,0.20666666666666667,500000,273500,944999.9999999995,3.4552102376599616,0.61625,29.26373961191749,0.7400317763278459,13.122363377404328
J422,J,126,0.14285714285714285,409500,263500,712500,2.7039848197343455,0.6615995115995116,30.124211524808732,0.7586991869918699,12.922692182275261
J423,J,166,0.15060240963855423,340000,200000,570750,2.85375,0.4970588235294118,30.14288976022075,0.7165782320675793,12.736700896592344
J424,J,64,0.203125,358000,253000,548000.0000000001,2.1660079051383403,0.401536312849162,32.49975290944711,0.8248,12.788288265382837
J431,J,133,0.15789473684210525,447000,268000,969399.9999999998,3.617164179104477,0.6263982102908278,31.32930084954722,0.7569925671812464,13.010313873595706
J432,J,78,0.3717948717948718,332500,151350,566500,3.7429798480343575,0.6578947368421053,47.19346312489505,0.6461461538461538,12.714395139078047
J433,J,156,0.23076923076923078,306250,159950,500000,3.1259768677711786,0.5722448979591837,36.41735077998418,0.7279786324786325,12.632157040841074
J434,J,53,0.18867924528301888,339500,153200,418920,2.7344647519582246,0.3923416789396171,30.894014867879154,0.8019090043290042,12.735229225980888
J511,J,171,0.13450292397660818,582500,333940.32,925000,2.7699560208842104,0.4957081545064378,27.86931845821045,0.7487351576994434,13.275084464421992
J512,J,181,0.19889502762430938,450000,260250,857500,3.2949087415946208,0.5777777777777777,28.573609956251932,0.7525,13.017002861746503
J513,J,83,0.3132530120481928,328750,123300,524000,4.249797242497973,0.5726235741444867,41.963090845898094,0.7513036099525385,12.703052862474111
K111,K,110,0.07272727272727272,309500,213800,403000.00000000023,1.8849391955098234,0.3154281098546042,20.410170627893272,0.9017020631067961,12.642713371106789
K112,K,108,0.046296296296296294,196900,122000,297600,2.439344262295082,0.45327577450482476,28.574034024242973,0.8082901554404145,12.190451264627217
K113,K,71,0.07042253521126761,210000,150000,275000,1.8333333333333333,0.3726190476190476,27.314690183104016,0.889090909090909,12.254862809699606
K114,K,176,0.03409090909090909,188950,120000,265000,2.2083333333333335,0.43530034400635087,28.22247444452964,0.8728865979381444,12.149237708777635
K115,K,60,0.05,295200,220000,361000,1.6409090909090909,0.24322493224932248,17.89585065562025,0.9072784961685825,12.595408371708455
K116,K,350,0.045714285714285714,197500,117500,285500.0000000001,2.4297872340425544,0.43886075949367087,28.113274583183816,0.7964980392156863,12.193493863323313
K117,K,218,0.0779816513761468,180000,100000,295900.00000000006,2.9590000000000005,0.5425,32.72239718585486,0.8447534013605442,12.100712129872347
K121,K,112,0.5089285714285714,434116.5,387973.282,511675.1600000001,1.318841228865858,0.11406557917056827,147.19846472756518,0.3022795459907454,12.981068210240526
K211,K,438,0.3219178082191781,71000,26336.801000000003,170000,6.454846205505368,0.903169014084507,53.4566782605881,0.8666666666666667,11.170435156023453
K212,K,289,0.17647058823529413,91800,47000,183219.99999999997,3.898297872340425,0.7211328976034859,34.73517371529861,0.9163654288531056,11.427367576608582
K213,K,55,0.32727272727272727,41000,17900,125600.00000000003,7.016759776536315,0.9085365853658537,46.040734495963235,1.153333333333333,10.621327345686446
K214,K,123,0.08130081300813008,120000,80000,164480,2.056,0.3333333333333333,27.177894999930786,0.9866532721010333,11.695247021764184
K216,K,30,0.06666666666666667,142500,64700,178050,2.7519319938176197,0.2771929824561403,19.84875803315745,0.7965441176470588,11.867097278690842
K311,K,1059,0.4627006610009443,140000,45000,330000,7.333333333333333,1.0805803571428572,58.62529602739965,0.5762962962962963,11.84939770159144
K312,K,538,0.5278810408921933,90000,26876.391000000003,263600,9.807864456206191,1.4444444444444444,76.45975923345812,0.5383044714396485,11.407564949312402
K313,K,545,0.47155963302752296,232500,80000,420000,5.25,0.9075268817204301,56.47685067427942,0.5649178838493256,12.356645504009547
K314,K,279,0.5125448028673835,210000,67400,400000,5.9347181008902075,1.0595238095238095,68.95510779944192,0.5024242424242424,12.254862809699606
K315,K,656,0.6234756097560976,180475,40276.89,390000,9.68297204674939,1.4101676132428314,97.09504298081488,0.3355048859934853,12.103347543007361
K316,K,476,0.49159663865546216,132250,41500,399500,9.626506024096386,1.550094517958412,71.04367210740148,0.6012830349531118,11.792449349720545
K317,K,475,0.4905263157894737,69900,25000,245600,9.824,1.5379113018597996,69.830916018888,0.6888888888888889,11.154820928221902
K321,K,232,0.3017241379310345,55450,20000,124500.00000000003,6.225000000000001,0.7100991884580703,43.11076592103861,0.9984615384615384,10.923236992778513
K324,K,237,0.4050632911392405,43500,11040,112600.00000000003,10.199275362318843,1.264367816091954,49.10883350720492,0.9451813628775232,10.680516217076775
K326,K,236,0.5423728813559322,50000,14000,200500,14.321428571428571,1.265,77.12161801675728,0.61,10.819778284410283
K327,K,232,0.28879310344827586,45000,19775,88750.00000000001,4.487989886219975,0.6277777777777778,43.13825204855985,1.0464285714285717,10.714417768752456
K411,K,31,0.41935483870967744,840000,315000,1490000,4.73015873015873,0.75875,54.32852309205248,0.5926011560693641,13.641157170819497
K412,K,200,0.185,432000,279500,733250,2.6234347048300535,0.4765625,32.83932490707381,0.7154198319327731,12.976180867226248
K431,K,304,0.20394736842105263,465000,256570,743199.9999999999,2.8966753712437145,0.5811827956989247,35.13873905515841,0.7676510067114094,13.049792684569493
K432,K,324,0.1574074074074074,382000,225000,600000,2.6666666666666665,0.4744764397905759,29.599428406257474,0.7457575757575757,12.853175887588712
K441,K,365,0.273972602739726,398000,195100,600000,3.0753459764223474,0.5778894472361809,38.505993745207526,0.7458061749571183,12.894207284266574
K4C1,K,46,0.21739130434782608,550000,285000,897500,3.1491228070175437,0.6218181818181818,31.756359652692144,0.6618562691131498,13.217673557208654
L111,L,98,0.10204081632653061,127000,75750,159930,2.1112871287128714,0.42322834645669294,26.529768240909537,1.1136,11.751942365440728
L122,L,74,0.13513513513513514,90500,51500,132350,2.5699029126213593,0.5116022099447514,26.478533917840867,1.187,11.413105129688017
L123,L,41,0.024390243902439025,100000,72650,127000,1.748107364074329,0.26,22.05190433236818,1.0618556701030928,11.512925464970229
L131,L,302,0.3344370860927152,64750,34910,119990,3.4371240332283013,0.7810810810810811,35.648147409623135,1.3350357710651828,11.078288979561783
L132,L,165,0.296969696969697,75000,35440,131800,3.718961625282167,0.7333333333333333,37.195273788679685,1.201528822055138,11.225243392518447
L133,L,118,0.2627118644067797,70000,35840,129900,3.6244419642857144,0.7803571428571429,33.45912252606968,1.3361711711711712,11.156250521031495
L134,L,32,0.0625,129950,71989.99999999999,164990,2.291846089734686,0.34628703347441325,23.434436179576792,1.0284834488067744,11.774905040069637
L141,L,214,0.4532710280373832,38750,17337.6,82450.00000000006,4.75556016980436,0.9025806451612903,31.598962265658624,1.447,10.564886034781493
L142,L,63,0.47619047619047616,49900,15000,99000.00000000001,6.6000000000000005,1.1022044088176353,42.82218469010281,1.2355040452035442,10.81777628173961
L143,L,168,0.2857142857142857,67150,32491.999999999996,128597.00000000003,3.957804998153393,0.8581533879374534,37.38302025362085,1.2663983488132096,11.114684201951384
L144,L,55,0.45454545454545453,34300,10000,96000.00000000001,9.600000000000001,1.4052478134110786,39.9125085203457,1.2488986013986016,10.442900633154032
L145,L,157,0.29936305732484075,85000,35000,125000,3.5714285714285716,0.6941176470588235,37.36448594436535,1.124,11.350406535472453
L211,L,70,0.21428571428571427,203500,56550,380490,6.728381962864722,0.8195638820638821,35.14698530165989,0.9668795973674023,12.223421283864786
L212,L,33,0.18181818181818182,160000,71800,298000,4.1504178272980505,0.66875,34.8111798174349,0.9378657124268054,11.982929094215963
L221,L,49,0.20408163265306123,153000,78000.00000000001,261920.0000000001,3.3579487179487186,0.8333333333333334,40.40705215698078,1.044730345989888,11.938193200374572
L222,L,45,0.1111111111111111,225000,112300,335600,2.9884238646482637,0.5777777777777777,33.723417590226624,0.9230517220197388,12.323855681186558
L223,L,31,0.03225806451612903,150000,99900,205000,2.052052052052052,0.2753333333333333,20.75553512215924,0.9623890063424947,11.918390573078392
L311,L,143,0.2937062937062937,88000,33400,155000,4.640718562874252,1.021590909090909,45.233213340846326,0.9435294117647058,11.385092093460344
L312,L,71,0.4084507042253521,58000,27000,129900,4.811111111111111,0.9344827586206896,43.08755623985558,1.210350584307179,10.968198289528557
L411,L,273,0.5347985347985348,40000,15000,136200.00000000006,9.080000000000004,1.525,46.466713117734734,1.1711538461538462,10.596634733096073
L412,L,170,0.4764705882352941,44700,14500,130299.99999999999,8.986206896551723,1.180089485458613,41.92552098344544,1.3356473079249849,10.707728780601661
M111,M,201,0.18407960199004975,112500,53000,179900,3.3943396226415095,0.7564444444444445,44.31201921731909,1.0066507177033492,11.630708500626612
M112,M,100,0.2,107700,50000,160000,3.2,0.8066388115134633,45.82407595797957,0.9807407407407408,11.58710486314448
M121,M,113,0.18584070796460178,124000,63400,205000,3.2334384858044163,0.6693548387096774,39.65097310318959,0.9932835820895524,11.728036844587175
M122,M,282,0.20921985815602837,102500,45100,164990,3.6583148558758314,0.8280487804878048,47.15342607001243,0.9951559921735711,11.5376180775606
M123,M,237,0.4050632911392405,60000,24600,154660,6.286991869918699,1.2233333333333334,47.185463405500215,1.203921568627451,11.002099841204238
M124,M,204,0.15196078431372548,117450,50000,162000,3.24,0.6924223073648361,45.638702372297516,0.8946564885496183,11.67376799008706
M131,M,180,0.31666666666666665,93500,36350.00000000001,164090,4.5141678129298475,0.9995,45.45902204141821,1.0387027914614122,11.44571671527678
M132,M,226,0.35398230088495575,71500,25012.5,152500,6.096951524237881,1.222027972027972,45.448112111536915,1.062146105081483,11.177452728682098
M133,M,183,0.48633879781420764,52500,20000,128100.00000000006,6.405000000000003,1.0895238095238096,46.1174300915675,1.1685060690943045,10.868568448579715
M135,M,89,0.651685393258427,30000,14200.000000000002,80000,5.633802816901408,1,33.97376854917405,1.5940657410505186,10.308952660644293
M211,M,65,0.36923076923076925,72500,33800,140600,4.159763313609467,1.089655172413793,49.593928673984585,0.9869565217391304,11.191341840842766
M212,M,47,0.6595744680851063,35510.16,10600,128959.99999999999,12.166037735849056,1.5347720201767605,63.39708635523792,1.0225055555555556,10.477574131700004
M213,M,50,0.3,40000,15000,88200,5.88,0.6967625,28.493200065623864,1.327874149659864,10.596634733096073
M231,M,50,0.42,31450,6800.000000000001,118900,17.485294117647058,1.875993640699523,29.38036790821473,1.496875,10.356154262128587
M232,M,163,0.5705521472392638,21000,6000,64799.80000000002,10.79996666666667,1.3047619047619048,42.10859418153743,1.2374242424242425,9.95227771670556
M311,M,36,0.25,109450,25250,165500,6.554455445544554,0.8348560986751942,40.202947428234374,1.0784,11.60322310295101
M312,M,125,0.56,37000,20000,94500.00000000006,4.725000000000003,1.0405135135135135,39.83030442064492,1.430188679245283,10.51867319162636
M314,M,27,0.4074074074074074,48150,21234.703999999998,127500.00000000003,6.004321981601441,1.2782969885773625,33.75178987786741,1.18983848067085,10.782076417226271
M321,M,152,0.5263157894736842,33000,11000,91930,8.357272727272727,1.156598484848485,49.8067757617564,1.1953846153846155,10.404262840448617
M322,M,190,0.5052631578947369,40000,13000,180999.99999999994,13.923076923076918,1.329375,42.51008262029292,1.2847727272727272,10.596634733096073
M323,M,209,0.5023923444976076,40000,12800,130820.00000000006,10.220312500000004,1.075,38.364242812028635,1.3222222222222222,10.596634733096073
M331,M,375,0.4666666666666667,66500,22400,191200.00000000006,8.535714285714288,1.4924812030075187,49.172501259055906,1.123157894736842,11.104957226643945
M332,M,36,0.6944444444444444,31000,10000,132350,13.235,1.2741935483870968,43.82117561209018,1.5173076923076922,10.341742483467284
M3C1,M,21,0.42857142857142855,150000,50000,300000,6,0.9333333333333333,53.01221144234293,1.159333333333333,11.918390573078392
M411,M,135,0.28888888888888886,160000,33900,275015.8,8.112560471976401,0.9390625,47.453989263179906,0.9308988764044944,11.982929094215963
M412,M,127,0.2125984251968504,230000,81200,446600.0000000001,5.500000000000002,0.6098891304347827,37.69334023179822,0.8990111940298507,12.345834587905333
M421,M,163,0.3374233128834356,110000,27600,244400.00000000006,8.855072463768119,1.184090909090909,48.833215538453096,0.9370666666666668,11.608235644774552
M422,M,80,0.275,155750,59650.700000000004,309350.00000000006,5.186024640113193,0.9563402889245586,47.27919126318355,0.9818857142857144,11.9560074366497
M521,M,280,0.43214285714285716,55939.5,9870.000000000004,165000,16.71732522796352,1.6280982132482413,48.31533698057413,1.0996375,10.93202602856799
M522,M,126,0.3253968253968254,89000,25000,171000,6.84,1.0702247191011236,43.84006732482126,1.0242857142857142,11.396391648714276
M611,M,316,0.05379746835443038,136450,78675,180000,2.2878932316491896,0.43239281788200806,29.443839084911573,1.0139711191335739,11.823713526136485
M612,M,180,0.14444444444444443,123500,59890.00000000001,175399.99999999997,2.928702621472699,0.6097793522267206,39.6296941806087,0.988,11.72399643505017
M613,M,292,0.0958904109589041,147750,76385.00000000001,234900,3.075211101656084,0.5089813874788494,31.57622270836671,1.0084615384615383,11.903276935268345
M614,M,114,0.15789473684210525,126710,59930,174400,2.9100617386951444,0.6090679504380081,41.22256941111527,0.9628285507595853,11.749656289792954
M616,M,159,0.14465408805031446,135000,69600,199920,2.872413793103448,0.5555555555555556,37.21392830626925,0.9484615384615384,11.813030057420567
M621,M,144,0.04861111111111111,315750,189930,522000.0000000002,2.748380982467226,0.43737133808392714,21.361607155324155,0.7912605042016807,12.662706040212738
M622,M,108,0.05555555555555555,271250,154400,400000,2.5906735751295336,0.6142857142857143,24.980675821292962,0.9342098783484827,12.510796183836806
M623,M,271,0.15498154981549817,160000,70000,305000,4.357142857142857,0.75671875,37.85382966056501,0.9483568075117372,11.982929094215963
M624,M,138,0.12318840579710146,153250,64250.00000000001,250000,3.891050583657587,0.7137030995106036,29.64334443861307,1.0406672418751797,11.939825853798459
M625,M,53,0.18867924528301888,198500,100000,318200,3.182,0.327455919395466,31.57842138344841,1.0264864864864864,12.198544379109382
M631,M,180,0.14444444444444443,350000,107000,585500,5.47196261682243,0.5357142857142857,33.54946480603701,0.8775658303400222,12.765688433465597
M632,M,77,0.03896103896103896,259000,148800,339400,2.2809139784946235,0.2915057915057915,26.50153551438492,0.8076190476190476,12.464583340681674
M633,M,30,0.03333333333333333,692500,289700.00000000006,1120050,3.866240938902312,0.6766787003610109,19.81888549337498,1.0003414634146341,13.44806351704363
M635,M,42,0.11904761904761904,206250,75950.00000000001,284000,3.7393021724818953,0.4727272727272727,23.76654173028268,1.0415725806451614,12.236844304196927
M636,M,85,0.011764705882352941,293000,186000,466000.0000000001,2.505376344086022,0.42627986348122865,18.546189115178773,0.7746691176470588,12.587927887999204
M641,M,222,0.12162162162162163,254200,77567.50000000003,399990,5.156669997099299,0.6810582218725413,31.054761979278172,0.8821368825590596,12.445876637737491
M642,M,223,0.4304932735426009,79300,20000,199878,9.9939,1.2295081967213115,50.22081707639183,0.9978021978021978,11.280993407622939
M6C1,M,99,0.35353535353535354,74000,19911.4,285780,14.352581937985274,1.3101351351351351,51.13247177577745,1,11.211820372186306
M711,M,44,0.09090909090909091,625000,415000,1278500.0000000002,3.0807228915662654,0.67108,27.1098725344143,0.8509406657018813,13.345506928718539
M712,M,50,0.14,906750,509000,1840000,3.6149312377210214,0.8296112489660876,30.005170617353723,0.7739285714285714,13.71762205714515
M721,M,114,0.05263157894736842,369950,249300,587625,2.3570998796630565,0.4007298283551831,20.134971570927377,0.7553188756559175,12.821123140353697
M722,M,117,0.042735042735042736,375000,231200,616000,2.6643598615916955,0.49866666666666665,21.32564399866184,0.7333333333333333,12.834681304952548
M723,M,103,0.02912621359223301,479000,301400,1094999.9999999995,3.6330457863304564,0.6290187891440501,20.07195462213472,0.7879310344827586,13.079455876393052
M811,M,356,0.056179775280898875,210750,140000,326500,2.3321428571428573,0.3412811387900356,24.610881606028293,0.9940624034599939,12.258427875864102
M812,M,149,0.0738255033557047,200000,106960,335600.00000000006,3.1376215407629027,0.55,30.51193871970307,0.941410082184689,12.206072645530174
M821,M,69,0.07246376811594203,400000,301700,624300.0000000001,2.0692741133576402,0.4,18.74194259248456,0.8315254237288136,12.89921982609012
N111,N,254,0.051181102362204724,196750,121689.2,266750.00000000006,2.1920597719436077,0.35387547649301143,22.56751351943359,0.9468333333333332,12.18968916627965
N112,N,376,0.08244680851063829,222400,127500,379634.5,2.9775254901960784,0.43615107913669066,26.625054872669487,0.9014706987227649,12.312232841358565
N113,N,310,0.12258064516129032,208250,118800,330000,2.7777777777777777,0.3786314525810324,28.874818442936736,0.8966942148760331,12.24649456002909
N114,N,53,0.24528301886792453,316000,225920,412400,1.8254249291784703,0.38829113924050634,32.264128157583585,0.7584615384615384,12.66349749256905
N121,N,249,0.05622489959839357,219900,152000,315000,2.0723684210526314,0.2955889040472942,22.975718352197415,0.8942025716219265,12.300928176542852
N131,N,127,0.031496062992125984,225000,176000,264400,1.5022727272727272,0.1811111111111111,13.72944727586802,0.8844444444444445,12.323855681186558
N132,N,260,0.019230769230769232,230000,166000,279000,1.680722891566265,0.1956521739130435,15.112249803761694,0.9170833333333333,12.345834587905333
N141,N,65,0.07692307692307693,278100,196400,376800,1.9185336048879837,0.4494786048184106,17.686808114068263,0.8832432432432432,12.535736040222057
N142,N,85,0.07058823529411765,235000,175800,384000.0000000001,2.184300341296929,0.35319148936170214,20.641727049548923,0.9466655844155845,12.367340793126296
N211,N,494,0.1720647773279352,221000,130950,436400,3.332569683085147,0.5333710407239819,31.71263795226269,0.929126213592233,12.30591798049989
N311,N,404,0.13613861386138615,208700,120000,397589.99999999994,3.3132499999999996,0.5510301868711068,30.16015567586773,0.9297182727751448,12.248653093065291
N312,N,86,0.20930232558139536,261250,137500,436100,3.1716363636363636,0.4200956937799043,33.98683579670603,0.8973982421755715,12.473233082261158
N511,N,52,0.038461538461538464,257700,128020,386708.39999999997,3.020687392594907,0.5573341094295693,22.79816060087661,0.9062750416826985,12.459551396640457
N512,N,53,0.20754716981132076,280000,173239.2,395920.00000000006,2.2853949914338094,0.35714285714285715,35.93399022690886,0.7828623188405797,12.542544882151386
N531,N,43,0.023255813953488372,262000,180000,369000,2.05,0.5152671755725191,21.73172516595898,0.98375,12.476099782743233
P111,P,264,0.10227272727272728,800000,311500,1840000,5.906902086677367,0.96265625,23.98970452359058,0.8385964912280702,13.592367006650065
P112,P,387,0.08010335917312661,545000,245700,1520000.0000000019,6.186406186406194,0.8027522935779816,24.527595773527292,0.8132380952380953,13.208541073645382
P121,P,57,0.22807017543859648,335000,50000,2206272.4799999977,44.12544959999995,1.000623880597015,37.76511136310471,0.764,12.721885810807203
P122,P,72,0.125,335000,181000,1525200,8.426519337016575,1.5440298507462686,21.025583468347158,0.9077950558213717,12.721885810807203
P211,P,125,0.16,575000,219800,1897000.000000002,8.630573248407654,1.2434782608695651,28.51375108027998,0.8388975609756097,13.262125319779487
P221,P,599,0.3021702838063439,425000,200000,805300.0000000001,4.0265,0.7182352941176471,41.0780424030185,0.7687367021276597,12.959844447906553
P311,P,343,0.11661807580174927,611000,340500,1554000.0000000002,4.56387665198238,0.7545008183306056,24.555674109811722,0.7903815789473685,13.322852238153732
P312,P,58,0.1206896551724138,795000,245385,2395000.000000001,9.760172789697826,1.4745283018867925,23.500523616627305,0.8340444444444445,13.58609739363647
P313,P,152,0.16447368421052633,660000,346093.9,1374500,3.9714655473557894,0.8185606060606061,24.80787268127406,0.7610852713178294,13.399995114002609
P314,P,119,0.20168067226890757,650000,270000,2955200.0000000056,10.945185185185206,1.3865384615384615,28.062019808435494,0.8064774560176037,13.38472764187182
P315,P,79,0.25316455696202533,975000,274000,2335727.2,8.524551824817518,1.0066666666666666,29.347175647392806,0.6653,13.790192749979985
P331,P,32,0.15625,2030000,951900,4435000,4.659102846937704,0.8220443349753694,26.543031926327117,0.7084096638655462,14.52354635101797
P512,P,124,0.12903225806451613,501250,272400,1970000.0000000002,7.23201174743025,0.8224411421446385,23.993892749467445,0.8409376107763205,13.124860257602917
P611,P,537,0.05772811918063315,361000,231900,595000,2.565761103924105,0.44598337950138506,21.006366389205613,0.8589733542319749,12.796633237315017
P612,P,120,0.125,643875,334000,1103000.0000000002,3.302395209580839,0.6092020966802563,27.41047370602651,0.7667144083708379,13.375259886867886
P711,P,188,0.3617021276595745,298750,55599.99999999999,513000.0000000001,9.226618705035975,0.9933054393305439,53.35292386289103,0.7421052631578947,12.607362382227857
P712,P,83,0.12048192771084337,480000,240000,980000,4.083333333333333,1.15625,26.20787127683332,0.8265625,13.081541382884074
P713,P,61,0.26229508196721313,617000,186000,900000,4.838709677419355,0.5024311183144247,32.3330200170158,0.7849475600242697,13.332624302887524
P714,P,271,0.12177121771217712,399900,240000,627200,2.6133333333333333,0.4988747186796699,27.89718850871284,0.8597596278108038,12.89896979483491
P811,P,129,0.4496124031007752,380000,50000,636000.0000000002,12.720000000000004,0.8157894736842105,58.02942370510382,0.5525612389248753,12.84792653170257
P812,P,37,0.35135135135135137,318000,215000,599999.9999999998,2.7906976744186034,0.8710691823899371,41.90634655219477,0.7753846153846153,12.669806661762314
